SET SQL_MODE="NO_AUTO_VALUE_ON_ZERO";

INSERT INTO `image` (`id`, `category_id`, `alt`, `uploaded`, `width`, `height`, `quality`, `name`, `year`, `main`) VALUES
(38, 19, 'Vinný sklep Konice', '2017-04-15 07:01:05', 1144, 644, 75, '71d6c2e0ea4660566a379d97a695c398', 2015, 0),
(42, 19, 'Vinný sklep Konice', '2017-04-15 07:01:55', 1144, 644, 75, '7af4db663c91db60d596b4ef4d8644a9', 2015, 1),
(43, 19, 'Vinný sklep Konice', '2017-04-15 07:02:07', 1144, 644, 75, 'de7680755380f77c1fb8dce47a7666d4', 2015, 0),
(44, 19, 'Vinný sklep Konice', '2017-04-15 07:02:14', 1144, 644, 75, 'b1b5c98115a3b060a32a5b254a48d07d', 2015, 0),
(45, 21, 'Kulturní dům Bedřichovice', '2017-04-15 07:14:53', 1144, 644, 75, 'a0318cfca730186a195833f4049721cb', 2015, 0),
(46, 21, 'Kulturní dům Bedřichovice', '2017-04-15 07:15:03', 1144, 644, 75, '7c2f3db4749ef9f488191cbe8fff7b0a', 2015, 0),
(47, 21, 'Kulturní dům Bedřichovice', '2017-04-15 07:15:17', 1144, 644, 75, 'e0c00c597032b0a8e0704ae5a233003a', 2015, 0),
(48, 21, 'Kulturní dům Bedřichovice', '2017-04-15 07:15:50', 1144, 644, 75, 'bb3b4a1ba6e4c37fdbad714ec41d2692', 2015, 0),
(49, 21, 'Kulturní dům Bedřichovice', '2017-04-15 07:16:10', 1144, 644, 75, 'c6cd40c8813fff329985fa8b776b7c25', 2015, 0),
(50, 21, 'Kulturní dům Bedřichovice', '2017-04-15 07:16:22', 1144, 644, 75, 'fca7aef1e85d098a9c9a888f9d9595db', 2015, 0),
(51, 21, 'Kulturní dům Bedřichovice', '2017-04-15 07:18:11', 1144, 644, 75, '89653ae5e1a8b1e876c6227e75b81821', 2015, 0),
(52, 21, 'Kulturní dům Bedřichovice', '2017-04-15 07:18:23', 1144, 644, 75, '58039a22485c5a94da7af399e98e3f1e', 2015, 0),
(53, 21, 'Kulturní dům Bedřichovice', '2017-04-15 07:19:00', 1144, 644, 75, 'f6d076e1f184bd336b81c7f714957e7b', 2015, 0),
(54, 21, 'Kulturní dům Bedřichovice', '2017-04-15 07:19:32', 1144, 644, 75, '916c8f0a1a8d0b9258b4d891aefd2d45', 2015, 0),
(55, 21, 'Kulturní dům Bedřichovice', '2017-04-15 07:19:50', 1144, 644, 75, 'aeed93916a392ae1734c572215e9ff34', 2015, 0),
(56, 21, 'Kulturní dům Bedřichovice', '2017-04-15 07:20:09', 1144, 644, 75, '1c30235f257fbf8ddc006f997224359c', 2015, 0),
(57, 21, 'Kulturní dům Bedřichovice', '2017-04-15 07:20:16', 1144, 644, 75, 'b2cdad6d4ea7d2accdb5f01c1b6265ba', 2015, 0),
(59, 24, 'x', '2017-04-15 08:05:44', 1144, 644, 75, '8aea4ef709784a00ba7dedc8e77bc720', 2017, 1),
(60, 24, 'x', '2017-04-15 08:06:01', 1144, 644, 75, 'cd5e312642b213e3885f710900aa2c11', 2017, 0),
(61, 24, 'x', '2017-04-15 08:06:17', 1144, 644, 75, '926c6b82c2ab944fc4692df0b11deeab', 2017, 0),
(62, 25, 'Chata', '2017-04-19 08:34:50', 1144, 644, 75, '485d3c9e4fd91237bb55254eb59cce60', 2010, 1),
(63, 25, 'Chata', '2017-04-19 08:35:16', 1144, 644, 75, '729ab6d3b2414cde311c25b36419b84e', 2010, 0),
(64, 25, 'Chata', '2017-04-19 08:35:28', 1144, 644, 75, '74f70583e09400475d85b553933f3de1', 2010, 0),
(65, 25, 'Chata', '2017-04-19 08:35:39', 1144, 644, 75, 'd36b98d5b21994f75da09ed4a34cd288', 2010, 0),
(66, 25, 'Chata', '2017-04-19 08:35:47', 1144, 644, 75, 'c9ad7c66f81e105c92a7e3c9de0a85c6', 2010, 0),
(67, 26, 'Orel Šlapanice', '2017-04-19 08:36:59', 1144, 644, 75, 'c72d28b41e207141400d56719832bbae', 2017, 1),
(68, 26, 'Orel Šlapanice', '2017-04-19 08:37:18', 1144, 644, 75, 'c259fb9f7afa313f6eb1f6aeed478c40', 2017, 0),
(69, 26, 'Orel Šlapanice', '2017-04-19 08:37:29', 1144, 644, 75, 'baad4ccc897273871d2e12459f2a0866', 2017, 0),
(70, 26, 'Orel Šlapanice', '2017-04-19 08:37:42', 1144, 644, 75, 'c3f60343ae85c9bd61c3036189398511', 2017, 0),
(71, 27, 'Výrobní hala EVVA GUARD Tišnov', '2017-04-19 08:54:34', 1144, 644, 75, 'a2b7829a5113c37896739de2c84e270a', 2010, 1),
(72, 27, 'Výrobní hala EVVA GUARD Tišnov', '2017-04-19 08:54:52', 1144, 644, 75, '88432712a12de19f2722e0cc72966b82', 2010, 0),
(73, 27, 'Výrobní hala EVVA GUARD Tišnov', '2017-04-19 08:55:13', 1144, 644, 75, '42447f2479567bfe8909add7a874ba05', 2010, 0),
(74, 27, 'Výrobní hala EVVA GUARD Tišnov', '2017-04-19 08:55:28', 1144, 644, 75, '29b9afc5f65e336f3cb92732e4f43e39', 2010, 0),
(75, 27, 'Výrobní hala EVVA GUARD Tišnov', '2017-04-19 08:55:44', 1144, 644, 75, '609fab4796aae88c67cc9905520dc1df', 2010, 0),
(76, 21, 'Kulturní dům Bedřichovice', '2017-04-19 09:02:25', 1144, 644, 75, 'cb7ef013a8d988cd15963d1cb44ba757', 2015, 0),
(77, 21, 'Kulturní dům Bedřichovice', '2017-04-19 09:04:50', 1144, 644, 75, 'c5b846aa7258a63091794ef9a4ed4933', 2015, 0),
(78, 21, 'Kulturní dům Bedřichovice', '2017-04-19 09:05:20', 1144, 644, 75, 'd95e763420609577f0a09f432f4b37e5', 2015, 0),
(79, 21, 'Kulturní dům Bedřichovice', '2017-04-19 09:06:28', 1144, 644, 75, 'bfd4117abac1a77b89c0521a3dc24c56', 2015, 1),
(80, 28, 'Blata Blansko', '2017-04-19 09:17:58', 1144, 644, 75, '1ea8bdfd1df38d1fbaeff3f84c5600fa', 2004, 1),
(81, 28, 'Blata Blansko', '2017-04-19 09:18:10', 1144, 644, 75, 'baa31048b1becd5934548573ce55629e', 2004, 0),
(82, 28, 'Blata Blansko', '2017-04-19 09:18:17', 1144, 644, 75, '6aa631bd0b07bb2161b1f2e499a949a2', 2004, 0),
(83, 28, 'Blata Blansko', '2017-04-19 09:18:22', 1144, 644, 75, 'aa4ebc066d441194476c50e774302310', 2004, 0),
(84, 28, 'Blata Blansko', '2017-04-19 09:18:26', 1144, 644, 75, '34068cc216aa07fc6d8fe8009d6569eb', 2004, 0),
(85, 28, 'Blata Blansko', '2017-04-19 09:25:54', 1144, 644, 75, '48d7726cbd323d904da830b5c0588252', 2004, 0),
(86, 28, 'Blata Blansko', '2017-04-19 09:26:04', 1144, 644, 75, '68b1c9e5b87aa64889a330ae6ac32e56', 2004, 0),
(87, 28, 'Blata Blansko', '2017-04-19 09:40:59', 1144, 644, 75, 'fb7c723512b95ace0842e8fd6c3b1846', 2004, 0),
(88, 28, 'Blata Blansko', '2017-04-19 09:41:23', 1144, 644, 75, '6d65d6dde9f68664f61ec67e171ddd32', 2004, 0),
(89, 28, 'Blata Blansko', '2017-04-19 09:41:43', 1144, 644, 75, '270734e70f1a1af62bf3ab407536564a', 2004, 0),
(90, 28, 'Blata Blansko', '2017-04-19 09:42:04', 1144, 644, 75, '371f740150c01662459cea0551a6d888', 2004, 0),
(91, 28, 'Blata Blansko', '2017-04-19 09:42:22', 1144, 644, 75, 'e0bfc214a576648c199027aa6a62ecf0', 2004, 0),
(92, 28, 'Blata Blansko', '2017-04-19 09:42:49', 1144, 644, 75, 'c143e8251187d38b23293560214a154a', 2004, 0),
(93, 29, 'xxxxxx', '2017-04-19 09:46:34', 1144, 644, 75, '1768bb37ebb0fe37e72fa471d146dc3d', 2009, 1),
(94, 30, 'dvsfasvfvf', '2017-04-19 09:47:47', 1144, 644, 75, 'f65c2f16ba44692e308816030190da9e', 2011, 1),
(95, 29, 'xxxxxx', '2017-04-19 09:48:37', 1144, 644, 75, '1724cb4130a87909934d434094e7bcd4', 2009, 0),
(96, 29, 'xxxxxx', '2017-04-19 09:48:47', 1144, 644, 75, 'faccccee792c7fcd04daaf5a5cb01a8f', 2009, 0),
(97, 29, 'xxxxxx', '2017-04-19 09:48:57', 1144, 644, 75, 'ff8eec189bcb6347d651f4e728648c44', 2009, 0),
(98, 29, 'xxxxxx', '2017-04-19 09:49:04', 1144, 644, 75, '441ea165d77e67a94cc98c68edbfbb1c', 2009, 0),
(99, 29, 'xxxxxx', '2017-04-19 09:49:14', 1144, 644, 75, 'c780b753ae3a37235b3a2b27f29878d8', 2009, 0),
(100, 32, 'Penzion Konice', '2017-07-06 17:54:20', 1144, 644, 75, '8ab7cf6c6a78b596701bca387b5b7101', 2017, 1),
(101, 32, 'Penzion Konice', '2017-07-06 17:54:45', 1144, 644, 75, 'c1d1033731fc8773aaef330f6e2e171d', 2017, 0),
(102, 32, 'Penzion Konice', '2017-07-06 17:55:00', 1144, 644, 75, 'f3619d6b50fccdabe4f836f82e63cc5e', 2017, 0),
(103, 32, 'Penzion Konice', '2017-07-06 17:55:13', 1144, 644, 75, 'e4b0ee7c0da1b687fce1f82be0c5b9a9', 2017, 0),
(104, 32, 'Penzion Konice', '2017-07-06 17:55:36', 1144, 644, 75, 'a7af20db805aca60ee1cd7dc82747b10', 2017, 0),
(105, 32, 'Penzion Konice', '2017-07-06 17:55:50', 1144, 644, 75, '7d00b0320e7c8c08b323a8c3eb681e94', 2017, 0),
(106, 32, 'Penzion Konice', '2017-07-06 17:56:00', 1144, 644, 75, '254e0face1546d4b9e6f975526f7778d', 2017, 0),
(107, 32, 'Penzion Konice', '2017-07-06 17:56:10', 1144, 644, 75, '99ef3fd894d36693f8166ed545e8baa0', 2017, 0),
(109, 32, 'Penzion Konice', '2017-07-06 17:56:37', 1144, 644, 75, 'd0b460d2cb54ac7a12d8c1fbea0bdf7c', 2017, 0),
(110, 32, 'Penzion Konice', '2017-07-06 17:58:13', 1144, 644, 75, 'f0818316e7621496c64b613ddf372eac', 2017, 0),
(111, 32, 'Penzion Konice', '2017-07-06 17:58:46', 1144, 644, 75, '3eb55bcc9236ce79d54e9e41bb1e02bb', 2017, 0),
(112, 32, 'Penzion Konice', '2017-07-06 17:59:12', 1144, 644, 75, 'e2bf927bcb505d6d181834862c62689a', 2017, 0),
(113, 32, 'Penzion Konice', '2017-07-06 17:59:28', 1144, 644, 75, '89bd7ecac7b7a0b67773bbe0f0c1e7c7', 2017, 0),
(114, 32, 'Penzion Konice', '2017-07-06 18:00:55', 1144, 644, 75, '14fec8e11ebff6a49adbe096a14dbbe5', 2017, 0),
(115, 33, 'Vinný sklep Konice 2', '2017-07-06 18:22:13', 1144, 644, 75, '7028ffa0dee3b242375a99a526a06489', 2015, 1),
(116, 33, 'Vinný sklep Konice 2', '2017-07-06 18:22:40', 1144, 644, 75, '082f10677cf8346dfa10d1963cc9dd66', 2015, 0),
(117, 33, 'Vinný sklep Konice 2', '2017-07-06 18:22:57', 1144, 644, 75, 'ebd456dbdef84e3779b34e695c53e6cb', 2015, 0),
(118, 33, 'Vinný sklep Konice 2', '2017-07-06 18:23:07', 1144, 644, 75, '51e22789676480ca7d3d200a2788a57c', 2015, 0),
(119, 33, 'Vinný sklep Konice 2', '2017-07-06 18:23:31', 1144, 644, 75, '191c45de545e86b61bc92f45c9a62868', 2015, 0),
(120, 33, 'Vinný sklep Konice 2', '2017-07-06 18:23:55', 1144, 644, 75, '5498fcca22f3c2363b6879fa203790fe', 2015, 0),
(121, 33, 'Vinný sklep Konice 2', '2017-07-06 18:24:12', 1144, 644, 75, '37b65546804f1b4590a734da33770a84', 2015, 0),
(122, 33, 'Vinný sklep Konice 2', '2017-07-06 18:24:28', 1144, 644, 75, '77ddf59c3e4763f08993f15b03123b37', 2015, 0),
(123, 33, 'Vinný sklep Konice 2', '2017-07-06 18:24:45', 1144, 644, 75, 'afe390b50bd9848fe48b2f191cd45ea3', 2015, 0),
(124, 33, 'Vinný sklep Konice 2', '2017-07-06 18:24:56', 1144, 644, 75, '82f67e757759682174453313d232c39a', 2015, 0),
(125, 33, 'Vinný sklep Konice 2', '2017-07-06 18:25:08', 1144, 644, 75, '946d0f1f27a140b48944aaecc09eaba2', 2015, 0),
(126, 33, 'Vinný sklep Konice 2', '2017-07-06 18:25:21', 1144, 644, 75, '1600e6d27d74db0023878ff0534f11e9', 2015, 0),
(127, 33, 'Vinný sklep Konice 2', '2017-07-06 18:25:33', 1144, 644, 75, 'c4ccaf04f3ab23c5e3337528709eb775', 2015, 0),
(128, 33, 'Vinný sklep Konice 2', '2017-07-06 18:25:48', 1144, 644, 75, 'a2d7dc5bc7e2dda28650f25ac11ed6b0', 2015, 0),
(129, 33, 'Vinný sklep Konice 2', '2017-07-06 18:25:56', 1144, 644, 75, '8ca191d2ee3084dbfc6e9d9c5b37382c', 2015, 0),
(130, 19, 'Vinný sklep Konice', '2017-07-06 18:26:17', 1144, 644, 75, '8526e8463e087558e30ae072e69241a0', 2015, 0),
(133, 35, 'VAS Ivančice', '2017-11-20 13:24:23', 1144, 644, 75, 'bb20905858226c089b59fea104664382', 2017, 1),
(134, 35, 'VAS Ivančice', '2017-11-20 13:24:43', 1144, 644, 75, '166e4561dbf372d062f3913204af6b95', 2017, 0),
(135, 35, 'VAS Ivančice', '2017-11-20 13:24:54', 1144, 644, 75, '851ba18a917114f3ab33d58e261adf9a', 2017, 0),
(136, 35, 'VAS Ivančice', '2017-11-20 13:25:07', 1144, 644, 75, 'c5c0c0be3885323874f3f0734f66e426', 2017, 0),
(137, 35, 'VAS Ivančice', '2017-11-20 13:25:18', 1144, 644, 75, 'a96da894803a3c12297d2a442b3867ea', 2017, 0),
(138, 35, 'VAS Ivančice', '2017-11-20 13:25:26', 1144, 644, 75, '4e65969f0a533a89a953b77249eebf45', 2017, 0),
(139, 36, 'RD Klepačov', '2018-01-04 14:29:20', 1144, 644, 75, 'b1a8045548131044643eed8491deaad5', 2004, 1),
(140, 36, 'RD Klepačov', '2018-01-04 14:29:41', 1144, 644, 75, '5d41f8cf9dcb951462e7e0b08be93bff', 2004, 0),
(141, 36, 'RD Klepačov', '2018-01-04 14:29:49', 1144, 644, 75, '3818c5db340b7c2f922264b62a1f1d0b', 2004, 0),
(142, 36, 'RD Klepačov', '2018-01-04 14:29:59', 1144, 644, 75, '08409b1d0c91db6d4168f12b33769d44', 2004, 0),
(143, 36, 'RD Klepačov', '2018-01-04 14:30:14', 1144, 644, 75, 'f8c6f92335ff95c7ecac9ed0b74be433', 2004, 0),
(144, 36, 'RD Klepačov', '2018-01-04 14:30:23', 1144, 644, 75, '5454898544a80225dac3d190592c137b', 2004, 0),
(145, 36, 'RD Klepačov', '2018-01-04 14:30:29', 1144, 644, 75, 'e8c187d4170d84cd7a2ce8c5fa2932fb', 2004, 0),
(146, 36, 'RD Klepačov', '2018-01-04 14:30:34', 1144, 644, 75, '4336648b98b925a38dd534239caf5973', 2004, 0),
(147, 36, 'RD Klepačov', '2018-01-04 14:30:40', 1144, 644, 75, '1337f4d413c3ca1eadeb3a8f84c4e1d4', 2004, 0),
(148, 36, 'RD Klepačov', '2018-01-04 14:30:52', 1144, 644, 75, '0b66eeeaa08db5d8592ee12c67cf9b7d', 2004, 0),
(149, 36, 'RD Klepačov', '2018-01-04 14:31:02', 1144, 644, 75, 'e4d2e058012cc40c6cc9dfa5140b837b', 2004, 0),
(150, 36, 'RD Klepačov', '2018-01-04 14:31:11', 1144, 644, 75, 'a7ea15067cbb5bef3b945085238d9e76', 2004, 0),
(151, 35, 'VAS Ivančice', '2018-01-04 14:42:10', 1144, 644, 75, '8d5660e63706aed553f2f9599416a74b', 2017, 0),
(152, 35, 'VAS Ivančice', '2018-01-04 14:42:23', 1144, 644, 75, '46c80ba7429d9fbf62c3bb9f62e41354', 2017, 0),
(153, 35, 'VAS Ivančice', '2018-01-04 14:42:36', 1144, 644, 75, '7fe8136fdd13d2fe192aeff47898bb9d', 2017, 0),
(154, 35, 'VAS Ivančice', '2018-01-04 14:42:46', 1144, 644, 75, '9b406d83fbe9b75df9fa3425f0703e30', 2017, 0),
(156, 35, 'VAS Ivančice', '2018-01-04 14:43:24', 1144, 644, 75, 'e8ced06fbd23c09593059e31e1265a66', 2017, 0),
(157, 35, 'VAS Ivančice', '2018-01-04 14:43:32', 1144, 644, 75, 'e59d19e7fe4a4e4d79c90501bd631e24', 2017, 0),
(158, 35, 'VAS Ivančice', '2018-01-04 14:43:42', 1144, 644, 75, '53f816b8503bab383ef74e3da8e82af5', 2017, 0),
(159, 35, 'VAS Ivančice', '2018-01-04 14:43:52', 1144, 644, 75, '1ab3ec1609564e0cb705db852fd79d72', 2017, 0),
(160, 35, 'VAS Ivančice', '2018-01-04 14:44:02', 1144, 644, 75, '04bf32118dba0ed89900bed1376ac2f1', 2017, 0),
(162, 35, 'VAS Ivančice', '2018-01-04 14:44:28', 1144, 644, 75, 'c0c47cf31b5859ad4f0f71e10dfd0eec', 2017, 0),
(163, 35, 'VAS Ivančice', '2018-01-04 14:44:36', 1144, 644, 75, '7a8e1619e78ff3c2d1461c96d5278704', 2017, 0),
(164, 35, 'VAS Ivančice', '2018-01-04 14:44:43', 1144, 644, 75, 'b1d918d0081518960d6d26a28f832855', 2017, 0),
(165, 35, 'VAS Ivančice', '2018-01-04 14:44:50', 1144, 644, 75, '39b6e80bf36f1d0bac4d6f946ea91a84', 2017, 0),
(166, 35, 'VAS Ivančice', '2018-01-04 14:44:58', 1144, 644, 75, '59f3cda458cd3932fadfd285533bc093', 2017, 0),
(167, 35, 'VAS Ivančice', '2018-01-04 14:45:08', 1144, 644, 75, '686402afcdb4d488f0b04d7ae093ed38', 2017, 0),
(168, 35, 'VAS Ivančice', '2018-01-04 14:45:18', 1144, 644, 75, 'b436481542383e26cf5e3fe52a7d1240', 2017, 0),
(169, 19, 'Vinný sklep Konice', '2018-01-04 14:50:57', 1144, 644, 75, '05a8c41aef84eac481c96e7bb1934362', 2015, 0),
(170, 19, 'Vinný sklep Konice', '2018-01-04 14:51:31', 1144, 644, 75, 'b521f4f612d7f059ca32faa95bd5116e', 2015, 0),
(171, 19, 'Vinný sklep Konice', '2018-01-04 14:52:28', 1144, 644, 75, 'a974e33988e3fa74241235b149e89df3', 2015, 0),
(172, 19, 'Vinný sklep Konice', '2018-01-04 14:53:08', 1144, 644, 75, 'c94e1c059506fe37de1575f8891e8bfa', 2015, 0),
(173, 19, 'Vinný sklep Konice', '2018-01-04 14:53:41', 1144, 644, 75, '0c83b28ee8a693d7ed8e09aa9e4a58e3', 2015, 0),
(174, 19, 'Vinný sklep Konice', '2018-01-04 14:54:21', 1144, 644, 75, 'db462659a8fa8084a36ef517f77a264d', 2015, 0),
(175, 19, 'Vinný sklep Konice', '2018-01-04 14:55:18', 1144, 644, 75, 'a4bf70bb1b5c71a7a6f6db8c5496ca4c', 2015, 0),
(176, 19, 'Vinný sklep Konice', '2018-01-04 14:55:58', 1144, 644, 75, '5f54b880a2ed7a14a2086dce39ad8d44', 2015, 0),
(177, 37, 'Rekonstrukce a nástavba', '2018-01-04 15:06:06', 1144, 644, 75, '7df53b916818c92ffe2c7db637dbc9f6', 2015, 1),
(178, 37, 'Rekonstrukce a nástavba', '2018-01-04 15:06:35', 1144, 644, 75, 'ced16dbdb976b9be183a62bdcf04d27e', 2015, 0),
(179, 37, 'Rekonstrukce a nástavba', '2018-01-04 15:06:53', 1144, 644, 75, '35033caa78b0d377d669818d6bf0197e', 2015, 0);

INSERT INTO `image_category` (`id`, `cat_name`, `description`, `location`, `text`) VALUES
(8, 'Testovací projekt', 'popisek', 'Brno', 'Lorem ipsum dolor sit amet, consectetur adipiscing elit. Duis lobortis nunc et ipsum malesuada faucibus. Proin tortor odio, ornare vitae hendrerit vitae, auctor a leo. Mauris tincidunt porta sagittis. Duis suscipit odio ullamcorper, finibus quam ac, hendrerit felis. Aenean eu massa vulputate, egestas leo quis, porta libero. Suspendisse vitae dui fermentum, scelerisque dui non, sagittis massa. Etiam eu neque et nunc vehicula posuere sed a enim. Vivamus suscipit rhoncus augue, a condimentum arcu feugiat sed. Morbi nibh sem, placerat eu ipsum egestas, cursus posuere quam. Nam tincidunt tellus nisi, ut tincidunt risus elementum pulvinar. Donec consectetur metus est, eget ultrices justo sagittis ac. Suspendisse eu nisi non nibh aliquam pulvinar. Vivamus feugiat at mi et varius. Donec fermentum ornare est eget ornare. Sed tincidunt id ante et varius. Phasellus sit amet commodo nisi, quis sodales purus.'),
(9, 'Testovací projekt', 'popisek', 'Brno', 'Lorem ipsum dolor sit amet, consectetur adipiscing elit. Duis lobortis nunc et ipsum malesuada faucibus. Proin tortor odio, ornare vitae hendrerit vitae, auctor a leo. Mauris tincidunt porta sagittis. Duis suscipit odio ullamcorper, finibus quam ac, hendrerit felis. Aenean eu massa vulputate, egestas leo quis, porta libero. Suspendisse vitae dui fermentum, scelerisque dui non, sagittis massa. Etiam eu neque et nunc vehicula posuere sed a enim. Vivamus suscipit rhoncus augue, a condimentum arcu feugiat sed. Morbi nibh sem, placerat eu ipsum egestas, cursus posuere quam. Nam tincidunt tellus nisi, ut tincidunt risus elementum pulvinar. Donec consectetur metus est, eget ultrices justo sagittis ac. Suspendisse eu nisi non nibh aliquam pulvinar. Vivamus feugiat at mi et varius. Donec fermentum ornare est eget ornare. Sed tincidunt id ante et varius. Phasellus sit amet commodo nisi, quis sodales purus.'),
(15, 'Vinný sklep', 'Vinný sklep Konice', 'Konice', 'Rekonstrukce vinného sklepa s příkladnou péčí realizační firmy Dolníček - DODO'),
(17, 'Vinný sklep', 'Vinný sklep Konice', 'Konice', 'cnrncjkqsfnv'),
(19, 'Vinný sklep', 'Vinný sklep Konice', 'Konice', 'Rekonstrukce vinného sklepa v Konicích'),
(21, 'Kulturní dům', 'Kulturní dům Bedřichovice', 'Bedřichovice', 'Autorská spolupráce Ing. arch. David Zajíček\nSpolupráce při realizaci: Ing. arch. Markéta Kozubová\nGrafické prvky: Radim Peško, Kateřina Šedá\n'),
(24, 'Urbanistická soutěž', 'x', 'Žďár nad Sázavou', 'Spoluautor: Ing. arch. Markéta Kozubová\n'),
(25, 'Chata', 'Chata', '', 'Spoluautor: Ing. arch. David Zajíček\n'),
(26, 'Orel', 'Orel Šlapanice', 'Šlapanice', 'Spoluautor: Ing. arch. Markéta Kozubová\nSpolupráce při realizaci: Ing. arch. Matúš Jánský\n'),
(27, 'EVVA GUARD', 'Výrobní hala EVVA GUARD Tišnov', 'Tišnov', ' '),
(28, 'Výrobní hala firmy Blata', 'Blata Blansko', 'Blansko', ' '),
(29, 'VAS provozní středisko', 'xxxxxx', 'Tišnov', ' '),
(30, 'VAS provozní středisko', 'dvsfasvfvf', 'Rosice', ' '),
(31, 'Penzion', 'Konice u Znojma - penzion', 'Konice', '  '),
(32, 'Penzion', 'Penzion Konice', 'Konice', ' '),
(33, 'Vinný sklep Konice 2', 'Vinný sklep Konice 2', 'Konice', ' '),
(35, 'VAS Ivančice', 'VAS Ivančice', 'Ivančice', 'Spoluautor: Ing. arch. Markéta Kozubová\n'),
(36, 'RD Klepačov', 'RD Klepačov', 'Blansko', 'Spoluautor: Ing. arch. Martina Němcová\n'),
(37, 'Bytový dům Zahradnická 20', 'Rekonstrukce a nástavba', 'Brno', ' ');

INSERT INTO `user` (`id`, `user`, `password`, `email`, `role`) VALUES
(1, 'Administrator', '$2y$10$8jvQu.xKeBgBPTsu2O/QyO7amYUVaGBzWI7Dcz.4p/HXbKv2OHhKu', 'admin@admin.cz', 'Administrator'),
(2, 'arch.tomas.dvorak@seznam.cz', '$2y$10$i5P3JnG.oRtgQ8ncbQRVCO3G8p9dOc9CrwRcfF41sZgacAafOs1Ei', 'arch.tomas.dvorak@seznam.cz', 'Administrator');
